Name,Low income,Middle income,High income
Global grain prices,0.816817164,0.256909963,0.4745944979
Dry bulk freight rates,0.2415848064,1.012910437,0.3327921084